{
  "getfdOrders": {
    "schema": {
      "method": "GET",
      "host": "<%= iparam.subdomain %>.freshdesk.com",
      "path": "/api/v2/custom_objects/schemas/23883143/records",
      "headers": {
        "Authorization": "Basic <%= encode(iparam.api_key) %>",
        "Content-Type": "application/json"
      }
    }
  },
  "getfdCustomers": {
    "schema": {
      "method": "GET",
      "host": "<%= iparam.subdomain %>.freshdesk.com",
      "path": "/api/v2/custom_objects/schemas/23971827/records",
      "headers": {
        "Authorization": "Basic <%= encode(iparam.api_key) %>",
        "Content-Type": "application/json"
      }
    }
  }
}